,Screen_Name,Compound_Score
0,BBC,0.10461099999999998
1,CBS,0.43142799999999987
2,CNN,-0.213041
3,FoxNews,-0.13199400000000006
4,nytimes,0.053217
